CATEGORY;KEY;VALUE
META;SAP_NUMBER;10356587
META;MACHINE_TYPE;
FILE;SELECTED;V:\Abteilungen\SaoPaulo\PQK-M\Extern\Config_BA\BTR\PT\CAPA\Capa - innoline.docx
FILE;SELECTED;V:\Abteilungen\SaoPaulo\PQK-M\Extern\Config_BA\BTR\PT\SUMÁRIO\Indice.doc
FILE;SELECTED;V:\Abteilungen\SaoPaulo\PQK-M\Extern\Config_BA\BTR\PT\C1 - Informações Gerais\P1 -Informações Gerais\S001 - Sem Componentes Integrados\PTC1P1S001.docx
FILE;SELECTED;V:\Abteilungen\SaoPaulo\PQK-M\Extern\Config_BA\BTR\PT\C2 - Segurança\P1 - Descritivo Padrão\S001 - (BR - Manualtech)\PTC2P1S001.docx
FILE;SELECTED;V:\Abteilungen\SaoPaulo\PQK-M\Extern\Config_BA\BTR\PT\C2 - Segurança\P3 - Estados e modos de operação\S001 - Estados e modos de operação\PTC2P3S001.docx
FILE;SELECTED;V:\Abteilungen\SaoPaulo\PQK-M\Extern\Config_BA\BTR\PT\C3 - Estrutura e funcionamento\P1 - Descritivo Padrão_BTR _DTR\S001 - Descritivo Padrão_BTR _DTR\PTC3P1S001.docx
FILE;SELECTED;V:\Abteilungen\SaoPaulo\PQK-M\Extern\Config_BA\BTR\PT\C4 - Montagem\P1 - Montagem padrão\S001 - Padrão\PTC4P1S001.docx
FILE;SELECTED;V:\Abteilungen\SaoPaulo\PQK-M\Extern\Config_BA\BTR\PT\C5 - Operação\P1 - Avisos de segurança\S001 - Avisos de segurança\PTC5P1S001.docx
FILE;SELECTED;V:\Abteilungen\SaoPaulo\PQK-M\Extern\Config_BA\BTR\PT\C5 - Operação\P3 - Console de Comando (IHM)\S001 - CLEARLINE 21,5\PTC5P3S001 PDF.docx
FILE;SELECTED;V:\Abteilungen\SaoPaulo\PQK-M\Extern\Config_BA\BTR\PT\C5 - Operação\P6 - Estabelecer prontidão operacional\S001 - Externo\PTC5P6S001.docx
FILE;SELECTED;V:\Abteilungen\SaoPaulo\PQK-M\Extern\Config_BA\BTR\PT\C5 - Operação\P7 - Produção\S001 - CLEARLINE 21,5\PTC5P7S001.docx
FILE;SELECTED;V:\Abteilungen\SaoPaulo\PQK-M\Extern\Config_BA\BTR\PT\C5 - Operação\P8 - Limpeza\S001 - Limpeza\PTC5P8S001.docx
FILE;SELECTED;V:\Abteilungen\SaoPaulo\PQK-M\Extern\Config_BA\BTR\PT\C5 - Operação\P9 - Setup\S001 - CLEARLINE 21,5\PTC5P9S001.docx
FILE;SELECTED;V:\Abteilungen\SaoPaulo\PQK-M\Extern\Config_BA\BTR\PT\C5 - Operação\P9 - Setup\S002 - Ajustar guias\PTC5P9S002.docx
FILE;SELECTED;V:\Abteilungen\SaoPaulo\PQK-M\Extern\Config_BA\BTR\PT\C5 - Operação\P10 - Cancelar prontidão operacional\S001 - Externo\PTC5P10S001.docx
FILE;SELECTED;V:\Abteilungen\SaoPaulo\PQK-M\Extern\Config_BA\BTR\PT\C6 - Manutenção\P4 - Plano de manutenção preventiva\S001 - Padrão\PTC6P4S001.docx
FILE;SELECTED;V:\Abteilungen\SaoPaulo\PQK-M\Extern\Config_BA\BTR\PT\C6 - Manutenção\P5 - Plano de lubrificação\S001 - Padrão\PTC6P5S001.docx
FILE;SELECTED;V:\Abteilungen\SaoPaulo\PQK-M\Extern\Config_BA\BTR\PT\C7 - Falhas\P1 - Com lista de falhas\S001 - CLEARLINE 21,5\PTC7P1S001.docx
FILE;SELECTED;V:\Abteilungen\SaoPaulo\PQK-M\Extern\Config_BA\BTR\PT\C8 - Dados técnicos\P1 - Requisitos para fluidos\S001 - Agua, Ar comprimido\PTC8P1S001.docx
FILE;SELECTED;V:\Abteilungen\SaoPaulo\PQK-M\Extern\Config_BA\BTR\PT\C8 - Dados técnicos\P2 - Operação\S001 - Padrão\PTC8P2S001.docx
FILE;SELECTED;V:\Abteilungen\SaoPaulo\PQK-M\Extern\Config_BA\BTR\PT\C8 - Dados técnicos\P3 - Lubrificação\S001 - Postos de lubrificação, Denominação\PTC8P3S001.docx
FILE;SELECTED;V:\Abteilungen\SaoPaulo\PQK-M\Extern\Config_BA\BTR\PT\C8 - Dados técnicos\P4 - Sinalização dos dispositivos de isolamento\S001 - Identificação padrão (2019)\PTC8P4S001.docx
FILE;SELECTED;V:\Abteilungen\SaoPaulo\PQK-M\Extern\Config_BA\BTR\PT\C8 - Dados técnicos\P5 - Produtos de limpeza\S001 - Produtos de limpeza\PTC8P5S001.docx
FILE;SELECTED;V:\Abteilungen\SaoPaulo\PQK-M\Extern\Config_BA\BTR\PT\CONTRA CAPA\Contra Capa.docx
FILE;SELECTED;V:\Abteilungen\SaoPaulo\PQK-M\Extern\Config_BA\GTR\PT\CAPA\Capa - innoline.docx
FILE;SELECTED;V:\Abteilungen\SaoPaulo\PQK-M\Extern\Config_BA\GTR\PT\SUMÁRIO\Indice.doc
FILE;SELECTED;V:\Abteilungen\SaoPaulo\PQK-M\Extern\Config_BA\GTR\PT\C1 - Informações Gerais\P1 -Informações Gerais\S001 - Sem Componentes Integrados\PTC1P1S001.docx
FILE;SELECTED;V:\Abteilungen\SaoPaulo\PQK-M\Extern\Config_BA\GTR\PT\C2 - Segurança\P1 - Descritivo Padrão\S001 - (BR - Manualtech)\PTC2P1S001.docx
FILE;SELECTED;V:\Abteilungen\SaoPaulo\PQK-M\Extern\Config_BA\GTR\PT\C2 - Segurança\P2 - Dispositivos de Proteção\S009 - Padrão bloqueio de energias\PTC2P3S010.docx
FILE;SELECTED;V:\Abteilungen\SaoPaulo\PQK-M\Extern\Config_BA\GTR\PT\C2 - Segurança\P3 - Estados e modos de operação\S001 - Estados e modos de operação\PTC2P3S001.docx
FILE;SELECTED;V:\Abteilungen\SaoPaulo\PQK-M\Extern\Config_BA\GTR\PT\C3 - Estrutura e funcionamento\P1 - Descritivo Padrão\S001 - Padrão\PTC3P1S001.docx
FILE;SELECTED;V:\Abteilungen\SaoPaulo\PQK-M\Extern\Config_BA\GTR\PT\C3 - Estrutura e funcionamento\P4 - Postos de trabalho\S001 - Postos de trabalho definidos\PTC3P4S001.docx
FILE;SELECTED;V:\Abteilungen\SaoPaulo\PQK-M\Extern\Config_BA\GTR\PT\C4 - Montagem\P1 - Montagem padrão\S001 -Montagem padrão\PTC4P1S001.docx
FILE;SELECTED;V:\Abteilungen\SaoPaulo\PQK-M\Extern\Config_BA\GTR\PT\C5 - Operação\P1 - Avisos de segurança\S001 - Avisos de segurança\PTC5P1S001.docx
FILE;SELECTED;V:\Abteilungen\SaoPaulo\PQK-M\Extern\Config_BA\GTR\PT\C5 - Operação\P3 - Console de Comando (IHM)\S001 - CLEARLINE 21,5\PTC5P3S001 PDF.docx
FILE;SELECTED;V:\Abteilungen\SaoPaulo\PQK-M\Extern\Config_BA\GTR\PT\C5 - Operação\P7 - Produção\S001 - CLEARLINE 21,5\PTC5P7S001.docx
FILE;SELECTED;V:\Abteilungen\SaoPaulo\PQK-M\Extern\Config_BA\GTR\PT\C5 - Operação\P8 - Limpeza\S001 - Limpeza\PTC5P8S001.docx
FILE;SELECTED;V:\Abteilungen\SaoPaulo\PQK-M\Extern\Config_BA\GTR\PT\C5 - Operação\P9 - Setup\S001 - CLEARLINE 21,5\PTC5P9S001.docx
FILE;SELECTED;V:\Abteilungen\SaoPaulo\PQK-M\Extern\Config_BA\GTR\PT\C6 - Manutenção\P1 - Segurança e normas\S001 - Padrão\PTC6P1S001.docx
FILE;SELECTED;V:\Abteilungen\SaoPaulo\PQK-M\Extern\Config_BA\GTR\PT\C6 - Manutenção\P4 - Plano de manutenção preventiva\S001 - Padrão\PTC6P4S001.docx
FILE;SELECTED;V:\Abteilungen\SaoPaulo\PQK-M\Extern\Config_BA\GTR\PT\C6 - Manutenção\P5 - Plano de lubrificação\S001 - Padrão\PTC6P5S001.docx
FILE;SELECTED;V:\Abteilungen\SaoPaulo\PQK-M\Extern\Config_BA\GTR\PT\C7 - Falhas\P1 - Com lista de falhas\S001 - CLEARLINE 21,5\PTC7P1S001.docx
FILE;SELECTED;V:\Abteilungen\SaoPaulo\PQK-M\Extern\Config_BA\GTR\PT\C8 - Dados técnicos\P1 - Requisitos para fluidos\S001 - Agua, Ar comprimido\PTC8P1S001.docx
FILE;SELECTED;V:\Abteilungen\SaoPaulo\PQK-M\Extern\Config_BA\GTR\PT\C8 - Dados técnicos\P2 - Operação\S001 - Padrão\PTC8P2S001.docx
FILE;SELECTED;V:\Abteilungen\SaoPaulo\PQK-M\Extern\Config_BA\GTR\PT\C8 - Dados técnicos\P3 - Lubrificação\S001 - Identificação padrão (2019)\PTC8P4S001.docx
FILE;SELECTED;V:\Abteilungen\SaoPaulo\PQK-M\Extern\Config_BA\GTR\PT\C8 - Dados técnicos\P4 - Sinalização dos dispositivos de isolamento\S001 - Identificação padrão (2019)\PTC8P4S001.docx
FILE;SELECTED;V:\Abteilungen\SaoPaulo\PQK-M\Extern\Config_BA\GTR\PT\C8 - Dados técnicos\P5 - Produtos de limpeza\S001 - Produtos de limpeza\PTC8P5S001.docx
FILE;SELECTED;V:\Abteilungen\SaoPaulo\PQK-M\Extern\Config_BA\GTR\PT\CONTRA CAPA\Contra Capa.docx
FILE;SELECTED;V:\Abteilungen\SaoPaulo\PQK-M\Extern\Config_BA\DVD\PT\CAPA\Capa - innofill.docx
FILE;SELECTED;V:\Abteilungen\SaoPaulo\PQK-M\Extern\Config_BA\DVD\PT\SUMÁRIO\Indice.doc
FILE;SELECTED;V:\Abteilungen\SaoPaulo\PQK-M\Extern\Config_BA\DVD\PT\C1 - Informações Gerais\P1 -Informações Gerais\S001 - Sem Componentes Integrados\PTC1P1S001.docx
FILE;SELECTED;V:\Abteilungen\SaoPaulo\PQK-M\Extern\Config_BA\DVD\PT\C2 - Segurança\P1 - Descritivo Padrão\S001 - (DE - Cognitas)\PTC2P1S001.docx
FILE;SELECTED;V:\Abteilungen\SaoPaulo\PQK-M\Extern\Config_BA\DVD\PT\C2 - Segurança\P2 - Dispositivos de Proteção\S001 - Enclausuramento da máquina, sala higiênica\PTC2P2S001.docx
FILE;SELECTED;V:\Abteilungen\SaoPaulo\PQK-M\Extern\Config_BA\DVD\PT\C2 - Segurança\P2 - Dispositivos de Proteção\S002 - Interruptor de porta com bloqueio\PTC2P2S002.docx
FILE;SELECTED;V:\Abteilungen\SaoPaulo\PQK-M\Extern\Config_BA\DVD\PT\C2 - Segurança\P2 - Dispositivos de Proteção\S003 - Botão de parada de emergência\PTC2P2S003.docx
FILE;SELECTED;V:\Abteilungen\SaoPaulo\PQK-M\Extern\Config_BA\DVD\PT\C2 - Segurança\P2 - Dispositivos de Proteção\S004 - Trava antiqueda\PTC2P2S004.docx
FILE;SELECTED;V:\Abteilungen\SaoPaulo\PQK-M\Extern\Config_BA\DVD\PT\C2 - Segurança\P2 - Dispositivos de Proteção\S005 - Válvula de segurança\PTC2P2S005.docx
FILE;SELECTED;V:\Abteilungen\SaoPaulo\PQK-M\Extern\Config_BA\DVD\PT\C2 - Segurança\P2 - Dispositivos de Proteção\S006 - Destravamento de fuga\PTC2P2S006.docx
FILE;SELECTED;V:\Abteilungen\SaoPaulo\PQK-M\Extern\Config_BA\DVD\PT\C2 - Segurança\P3 - Dispositivos para isolamento e bloqueio de energias\S001 - Local dos dispositivos de proteção - Com Imagem\PTC2P3S001.docx
FILE;SELECTED;V:\Abteilungen\SaoPaulo\PQK-M\Extern\Config_BA\DVD\PT\C2 - Segurança\P3 - Dispositivos para isolamento e bloqueio de energias\S002 - Interruptor de reparo\PTC2P3S003.docx
FILE;SELECTED;V:\Abteilungen\SaoPaulo\PQK-M\Extern\Config_BA\DVD\PT\C2 - Segurança\P4 - Estados e modos de operação\S001 - Estados e modos de operação\PTC2P4S001.docx
FILE;SELECTED;V:\Abteilungen\SaoPaulo\PQK-M\Extern\Config_BA\DVD\PT\C3 - Estrutura e Funcionamento\P1 - Descritivo padrão\S001 - Sem Sala higiênica\PTC3P2S001.docx
FILE;SELECTED;V:\Abteilungen\SaoPaulo\PQK-M\Extern\Config_BA\DVD\PT\C3 - Estrutura e Funcionamento\P2 - Manifold\S001 - Imagens\PTC3P3S001.docx
FILE;SELECTED;V:\Abteilungen\SaoPaulo\PQK-M\Extern\Config_BA\DVD\PT\C3 - Estrutura e Funcionamento\P2 - Manifold\S002 - Conjunto de manutenção e válvulas\PTC3P3S002.docx
FILE;SELECTED;V:\Abteilungen\SaoPaulo\PQK-M\Extern\Config_BA\DVD\PT\C3 - Estrutura e Funcionamento\P2 - Manifold\S003 - Alimentação do fluido\PTC3P3S003.docx
FILE;SELECTED;V:\Abteilungen\SaoPaulo\PQK-M\Extern\Config_BA\DVD\PT\C3 - Estrutura e Funcionamento\P2 - Manifold\S004 - Válvula de coleta de amostras\PTC3P3S004.docx
FILE;SELECTED;V:\Abteilungen\SaoPaulo\PQK-M\Extern\Config_BA\DVD\PT\C3 - Estrutura e Funcionamento\P2 - Manifold\S008 - Filtro de gás de pressurização\PTC3P3S006.docx
FILE;SELECTED;V:\Abteilungen\SaoPaulo\PQK-M\Extern\Config_BA\DVD\PT\C3 - Estrutura e Funcionamento\P2 - Manifold\S010 - Purga de gás de lavagem\PTC3P3S008.docx
FILE;SELECTED;V:\Abteilungen\SaoPaulo\PQK-M\Extern\Config_BA\DVD\PT\C3 - Estrutura e Funcionamento\P2 - Manifold\S012 - Bomba de produto\PTC3P3S010.docx
FILE;SELECTED;V:\Abteilungen\SaoPaulo\PQK-M\Extern\Config_BA\DVD\PT\C3 - Estrutura e Funcionamento\P2 - Manifold\S013 - Aumento de pressão do ar de controle\PTC3P3S011.docx
FILE;SELECTED;V:\Abteilungen\SaoPaulo\PQK-M\Extern\Config_BA\DVD\PT\C3 - Estrutura e Funcionamento\P2 - Manifold\S014 - Acesso ao manifold\PTC3P3S012.docx
FILE;SELECTED;V:\Abteilungen\SaoPaulo\PQK-M\Extern\Config_BA\DVD\PT\C3 - Estrutura e Funcionamento\P3 - Partes da envasadora\S001 - Padrão\PTC3P4S001.docx
FILE;SELECTED;V:\Abteilungen\SaoPaulo\PQK-M\Extern\Config_BA\DVD\PT\C3 - Estrutura e Funcionamento\P4 - Limpeza e lavagem\S001 - Caneca CIP automatico\PTC3P5S001.docx
FILE;SELECTED;V:\Abteilungen\SaoPaulo\PQK-M\Extern\Config_BA\DVD\PT\C3 - Estrutura e Funcionamento\P4 - Limpeza e lavagem\S002 - Ducha da válvula\PTC3P5S003.docx
FILE;SELECTED;V:\Abteilungen\SaoPaulo\PQK-M\Extern\Config_BA\DVD\PT\C3 - Estrutura e Funcionamento\P4 - Limpeza e lavagem\S003 - Ducha de latas\PTC3P5S003.docx
FILE;SELECTED;V:\Abteilungen\SaoPaulo\PQK-M\Extern\Config_BA\DVD\PT\C3 - Estrutura e Funcionamento\P4 - Limpeza e lavagem\S004 - Quebra-bolhas e recravadora\PTC3P5S003.docx
FILE;SELECTED;V:\Abteilungen\SaoPaulo\PQK-M\Extern\Config_BA\DVD\PT\C3 - Estrutura e Funcionamento\P5 - Postos de trabalho e dispositivos de comando\S001 - Postos de trabalho - Com imagem\PTC3P6S001.docx
FILE;SELECTED;V:\Abteilungen\SaoPaulo\PQK-M\Extern\Config_BA\DVD\PT\C3 - Estrutura e Funcionamento\P6 - Quadro elétrico\S001 -  Quadro elétrico (INP, UPS)\PTC3P7S003.docx
FILE;SELECTED;V:\Abteilungen\SaoPaulo\PQK-M\Extern\Config_BA\DVD\PT\C3 - Estrutura e Funcionamento\P7 - Tecnologia de medição\S001 - Sensor de pressão\PTC3P7S005.docx
FILE;SELECTED;V:\Abteilungen\SaoPaulo\PQK-M\Extern\Config_BA\DVD\PT\C3 - Estrutura e Funcionamento\P7 - Tecnologia de medição\S002 - Manômetro\PTC3P7S005.docx
FILE;SELECTED;V:\Abteilungen\SaoPaulo\PQK-M\Extern\Config_BA\DVD\PT\C3 - Estrutura e Funcionamento\P7 - Tecnologia de medição\S003 - Sensor de temperatura\PTC3P7S005.docx
FILE;SELECTED;V:\Abteilungen\SaoPaulo\PQK-M\Extern\Config_BA\DVD\PT\C3 - Estrutura e Funcionamento\P7 - Tecnologia de medição\S004 - Sonda de nível de enchimento\PTC3P7S005.docx
FILE;SELECTED;V:\Abteilungen\SaoPaulo\PQK-M\Extern\Config_BA\DVD\PT\C3 - Estrutura e Funcionamento\P7 - Tecnologia de medição\S005 - Medidores de vazão\PTC3P7S005.docx
FILE;SELECTED;V:\Abteilungen\SaoPaulo\PQK-M\Extern\Config_BA\DVD\PT\C3 - Estrutura e Funcionamento\P7 - Tecnologia de medição\S006 - Sonda de vazio\PTC3P7S006.docx
FILE;SELECTED;V:\Abteilungen\SaoPaulo\PQK-M\Extern\Config_BA\DVD\PT\C3 - Estrutura e Funcionamento\P7 - Tecnologia de medição\S007 - Condutivímetro\PTC3P7S007.docx
FILE;SELECTED;V:\Abteilungen\SaoPaulo\PQK-M\Extern\Config_BA\DVD\PT\C3 - Estrutura e Funcionamento\P8 - Tecnologia de controle\S001 - Partida automática\PTC3P8S001.docx
FILE;SELECTED;V:\Abteilungen\SaoPaulo\PQK-M\Extern\Config_BA\DVD\PT\C3 - Estrutura e Funcionamento\P8 - Tecnologia de controle\S002 - Válvulas controladas por barramento\PTC3P8S003.docx
FILE;SELECTED;V:\Abteilungen\SaoPaulo\PQK-M\Extern\Config_BA\DVD\PT\C3 - Estrutura e Funcionamento\P8 - Tecnologia de controle\S003 - Pneumática de segurança\PTC3P8S004.docx
FILE;SELECTED;V:\Abteilungen\SaoPaulo\PQK-M\Extern\Config_BA\DVD\PT\C3 - Estrutura e Funcionamento\P9 - Tecnologia de regulagem\S001 - Padrão\PTC3P9S001.docx
FILE;SELECTED;V:\Abteilungen\SaoPaulo\PQK-M\Extern\Config_BA\DVD\PT\C3 - Estrutura e Funcionamento\P9 - Tecnologia de regulagem\S002 - Esquema pneumático\PTC3P9S002.docx
FILE;SELECTED;V:\Abteilungen\SaoPaulo\PQK-M\Extern\Config_BA\DVD\PT\C3 - Estrutura e Funcionamento\P9 - Tecnologia de regulagem\S003 - Procedimentos energeticamente eficientes\PTC3P9S003.docx
FILE;SELECTED;V:\Abteilungen\SaoPaulo\PQK-M\Extern\Config_BA\DVD\PT\C4 - Montagem\P1 - Montagem padrão\S001 - Padrão\PTC4P1S001.docx
FILE;SELECTED;V:\Abteilungen\SaoPaulo\PQK-M\Extern\Config_BA\DVD\PT\C5 - Operação\P1 - Dispositivos de proteção\S001 - Parada de emergência\PTC5P1S001.docx
FILE;SELECTED;V:\Abteilungen\SaoPaulo\PQK-M\Extern\Config_BA\DVD\PT\C5 - Operação\P1 - Dispositivos de proteção\S002 - Chave de segurança\PTC5P1S002.docx
FILE;SELECTED;V:\Abteilungen\SaoPaulo\PQK-M\Extern\Config_BA\DVD\PT\C5 - Operação\P1 - Dispositivos de proteção\S004 - Abrir e fechar enclausuramento\PTC5P1S004.docx
FILE;SELECTED;V:\Abteilungen\SaoPaulo\PQK-M\Extern\Config_BA\DVD\PT\C5 - Operação\P1 - Dispositivos de proteção\S006 - Interruptor de reparo\PTC5P1S006.docx
FILE;SELECTED;V:\Abteilungen\SaoPaulo\PQK-M\Extern\Config_BA\DVD\PT\C5 - Operação\P1 - Dispositivos de proteção\S007 - Religar máquina após destravamento de fuga\PTC5P1S007.docx
FILE;SELECTED;V:\Abteilungen\SaoPaulo\PQK-M\Extern\Config_BA\DVD\PT\C5 - Operação\P2 - Dispositivos de aviso\S001 - Luzes de sinalização\PTC5P2S001.docx
FILE;SELECTED;V:\Abteilungen\SaoPaulo\PQK-M\Extern\Config_BA\DVD\PT\C5 - Operação\P2 - Dispositivos de aviso\S002 - Sirene\PTC5P2S001.docx
FILE;SELECTED;V:\Abteilungen\SaoPaulo\PQK-M\Extern\Config_BA\DVD\PT\C5 - Operação\P2 - Dispositivos de aviso\S003 - Aviso de partida automática\PTC5P2S002.docx
FILE;SELECTED;V:\Abteilungen\SaoPaulo\PQK-M\Extern\Config_BA\DVD\PT\C5 - Operação\P3 - Console de comando (IHM)\S001 - Clearline 21,5\PTC5P3S001.docx
FILE;SELECTED;V:\Abteilungen\SaoPaulo\PQK-M\Extern\Config_BA\DVD\PT\C5 - Operação\P4 - Dispositivos de comando (diversos)\S000 - ReDiS\PTC5P4S001.docx
FILE;SELECTED;V:\Abteilungen\SaoPaulo\PQK-M\Extern\Config_BA\DVD\PT\C5 - Operação\P4 - Dispositivos de comando (diversos)\S001 - Controle portátil bimanual\PTC5P4S001.docx
FILE;SELECTED;V:\Abteilungen\SaoPaulo\PQK-M\Extern\Config_BA\DVD\PT\C5 - Operação\P4 - Dispositivos de comando (diversos)\Botoeiras\Pxxx1.docx
FILE;SELECTED;V:\Abteilungen\SaoPaulo\PQK-M\Extern\Config_BA\DVD\PT\C5 - Operação\P4 - Dispositivos de comando (diversos)\Botoeiras\Px00.docx
FILE;SELECTED;V:\Abteilungen\SaoPaulo\PQK-M\Extern\Config_BA\DVD\PT\C5 - Operação\P4 - Dispositivos de comando (diversos)\Botoeiras\P200 - Cilindro de elevação.docx
FILE;SELECTED;V:\Abteilungen\SaoPaulo\PQK-M\Extern\Config_BA\DVD\PT\C5 - Operação\P4 - Dispositivos de comando (diversos)\Botoeiras\V1.docx
FILE;SELECTED;V:\Abteilungen\SaoPaulo\PQK-M\Extern\Config_BA\DVD\PT\C5 - Operação\P4 - Dispositivos de comando (diversos)\S008 - Operação passo a passo\PTC5P4S007.docx
FILE;SELECTED;V:\Abteilungen\SaoPaulo\PQK-M\Extern\Config_BA\DVD\PT\C5 - Operação\P4 - Dispositivos de comando (diversos)\S009 - Interruptor principal\PTC5P4S006.docx
FILE;SELECTED;V:\Abteilungen\SaoPaulo\PQK-M\Extern\Config_BA\DVD\PT\C5 - Operação\P5 - Estabelecer prontidão operacional\S001 - Descritivo padrão\PTC5P6S001.docx
FILE;SELECTED;V:\Abteilungen\SaoPaulo\PQK-M\Extern\Config_BA\DVD\PT\C5 - Operação\P5 - Estabelecer prontidão operacional\S002 - INR\PTC5P6S002.docx
FILE;SELECTED;V:\Abteilungen\SaoPaulo\PQK-M\Extern\Config_BA\DVD\PT\C5 - Operação\P5 - Estabelecer prontidão operacional\S003 - INP, UPS\PTC5P6S002.docx
FILE;SELECTED;V:\Abteilungen\SaoPaulo\PQK-M\Extern\Config_BA\DVD\PT\C5 - Operação\P6 - Produção\S001 - Padrão\PTC5P7S001.docx
FILE;SELECTED;V:\Abteilungen\SaoPaulo\PQK-M\Extern\Config_BA\DVD\PT\C5 - Operação\P6 - Produção\S004 - Selecionar programa - Clearline\PTC5P7S003.docx
FILE;SELECTED;V:\Abteilungen\SaoPaulo\PQK-M\Extern\Config_BA\DVD\PT\C5 - Operação\P6 - Produção\S005 - Amostras do produto\PTC5P7S005.docx
FILE;SELECTED;V:\Abteilungen\SaoPaulo\PQK-M\Extern\Config_BA\DVD\PT\C5 - Operação\P6 - Produção\S006 - Comandos - Clearline\PTC5P7S008.docx
FILE;SELECTED;V:\Abteilungen\SaoPaulo\PQK-M\Extern\Config_BA\DVD\PT\C5 - Operação\P7 - Limpeza\S001 - Padrão\PTC5P7S001.docx
FILE;SELECTED;V:\Abteilungen\SaoPaulo\PQK-M\Extern\Config_BA\DVD\PT\C5 - Operação\P8 - Setup\S001 - Padrão\PTC5P8S001.docx
FILE;SELECTED;V:\Abteilungen\SaoPaulo\PQK-M\Extern\Config_BA\DVD\PT\C5 - Operação\P8 - Setup\S002 - Ducha de latas\PTC5P8S001.docx
FILE;SELECTED;V:\Abteilungen\SaoPaulo\PQK-M\Extern\Config_BA\DVD\PT\C5 - Operação\P8 - Setup\S003 - Padrão\PTC5P8S001.docx
FILE;SELECTED;V:\Abteilungen\SaoPaulo\PQK-M\Extern\Config_BA\DVD\PT\C5 - Operação\P9 - Cancelar prontidão operacional\S001 - INP, UPS\PTC5P9S002.docx
FILE;SELECTED;V:\Abteilungen\SaoPaulo\PQK-M\Extern\Config_BA\DVD\PT\C6 - Manutenção\P1 - Segurança e normas\S001 - Padrão\PTC6P1S001.docx
FILE;SELECTED;V:\Abteilungen\SaoPaulo\PQK-M\Extern\Config_BA\DVD\PT\C6 - Manutenção\P2 - Isolamento e bloqueio de energias\S001 - INP, UPS\PTC6P2S003.docx
FILE;SELECTED;V:\Abteilungen\SaoPaulo\PQK-M\Extern\Config_BA\DVD\PT\C6 - Manutenção\P3 - Manutenção preventiva\S001 - Sem sala higiênica\PTC6P3S001.docx
FILE;SELECTED;V:\Abteilungen\SaoPaulo\PQK-M\Extern\Config_BA\DVD\PT\C6 - Manutenção\P4 - Lubrificação\S001 - Padrão\PTC6P4S001.docx
FILE;SELECTED;V:\Abteilungen\SaoPaulo\PQK-M\Extern\Config_BA\DVD\PT\C6 - Manutenção\P5 - Reparo\S001 - Sem retrolavagem\PTC6P5S001.docx
FILE;SELECTED;V:\Abteilungen\SaoPaulo\PQK-M\Extern\Config_BA\DVD\PT\C6 - Manutenção\P5 - Reparo\S002 - Medidor de fluxo\PTC6P5S001.docx
FILE;SELECTED;V:\Abteilungen\SaoPaulo\PQK-M\Extern\Config_BA\DVD\PT\C6 - Manutenção\P5 - Reparo\S003 - Interruptor de reparo\PTC6P5S002.docx
FILE;SELECTED;V:\Abteilungen\SaoPaulo\PQK-M\Extern\Config_BA\DVD\PT\C7 - Falhas\P1 - Com lista de falhas\S001 - Clearline 21,5\PTC7P1S001.docx
FILE;SELECTED;V:\Abteilungen\SaoPaulo\PQK-M\Extern\Config_BA\DVD\PT\C8 - Dados técnicos\P1 - Requisitos para fluidos\S001 - Agua, Ar comprimido\PTC8P1S001.docx
FILE;SELECTED;V:\Abteilungen\SaoPaulo\PQK-M\Extern\Config_BA\DVD\PT\C8 - Dados técnicos\P2 - Operação\S001 - Padrão\PTC8P2S001.docx
FILE;SELECTED;V:\Abteilungen\SaoPaulo\PQK-M\Extern\Config_BA\DVD\PT\C8 - Dados técnicos\P3 - Lubrificação\S001 - Postos de lubrificação, Denominação\PTC8P3S001.docx
FILE;SELECTED;V:\Abteilungen\SaoPaulo\PQK-M\Extern\Config_BA\DVD\PT\C8 - Dados técnicos\P4 - Sinalização dos dispositivos de isolamento\S001 - Identificação padrão (2019)\PTC8P4S001.docx
FILE;SELECTED;V:\Abteilungen\SaoPaulo\PQK-M\Extern\Config_BA\DVD\PT\C8 - Dados técnicos\P5 - Produtos de limpeza\S001 - Produtos de limpeza\PTC8P5S001.docx
FILE;SELECTED;V:\Abteilungen\SaoPaulo\PQK-M\Extern\Config_BA\DVD\PT\CONTRA CAPA\Contra Capa.docx
FILE;SELECTED;V:\Abteilungen\SaoPaulo\PQK-M\Extern\Config_BA\PET DMG\PT\CAPA\Capa - innofill.docx
FILE;SELECTED;V:\Abteilungen\SaoPaulo\PQK-M\Extern\Config_BA\PET DMG\PT\SUMÁRIO\Indice.doc
FILE;SELECTED;V:\Abteilungen\SaoPaulo\PQK-M\Extern\Config_BA\PET DMG\PT\C1 - Informações Gerais\P1 -Informações Gerais\S001 - Sem Componentes Integrados\PTC1P1S001.docx
FILE;SELECTED;V:\Abteilungen\SaoPaulo\PQK-M\Extern\Config_BA\PET DMG\PT\C2 - Segurança\P1 - Descritivo Padrão\S001 - (BR - Manualtech)\PTC2P1S001.docx
FILE;SELECTED;V:\Abteilungen\SaoPaulo\PQK-M\Extern\Config_BA\PET DMG\PT\C2 - Segurança\P2 - Dispositivos de Proteção\S003 - Botão de parada de emergência\PTC2P2S003.docx
FILE;SELECTED;V:\Abteilungen\SaoPaulo\PQK-M\Extern\Config_BA\PET DMG\PT\C2 - Segurança\P3 - Dispositivos para isolamento e bloqueio de energias\S001 - Local dos dispositivos de proteção - Com Imagem\PTC2P3S001.docx
FILE;SELECTED;V:\Abteilungen\SaoPaulo\PQK-M\Extern\Config_BA\PET DMG\PT\C2 - Segurança\P4 - Estados e modos de operação\S001 - Estados e modos de operação\PTC2P3S001.docx
FILE;SELECTED;V:\Abteilungen\SaoPaulo\PQK-M\Extern\Config_BA\PET DMG\PT\C3 - Estrutura e Funcionamento\P1 - Descritivo e comandos\S001 - DMG_FRZM\PTC3P1S001.docx
FILE;SELECTED;V:\Abteilungen\SaoPaulo\PQK-M\Extern\Config_BA\PET DMG\PT\C3 - Estrutura e Funcionamento\P1 - Descritivo e comandos\S003 - Sistema de controle de nível\PTC3P1S003.docx
FILE;SELECTED;V:\Abteilungen\SaoPaulo\PQK-M\Extern\Config_BA\PET DMG\PT\C3 - Estrutura e Funcionamento\P1 - Descritivo e comandos\S004 - Distribuidor elétrico\PTC3P1S004.docx
FILE;SELECTED;V:\Abteilungen\SaoPaulo\PQK-M\Extern\Config_BA\PET DMG\PT\C3 - Estrutura e Funcionamento\P2 - Manifold e estrutura\S001 - Válvulas de bloqueio\PTC3P2S001.docx
FILE;SELECTED;V:\Abteilungen\SaoPaulo\PQK-M\Extern\Config_BA\PET DMG\PT\C3 - Estrutura e Funcionamento\P2 - Manifold e estrutura\S003 - Manifold do rinser\PTC3P2S003.docx
FILE;SELECTED;V:\Abteilungen\SaoPaulo\PQK-M\Extern\Config_BA\PET DMG\PT\C3 - Estrutura e Funcionamento\P2 - Manifold e estrutura\S004 - Manifold da enchedora\PTC3P2S004.docx
FILE;SELECTED;V:\Abteilungen\SaoPaulo\PQK-M\Extern\Config_BA\PET DMG\PT\C3 - Estrutura e Funcionamento\P2 - Manifold e estrutura\S007 - Lacrador\PTC3P2S007.docx
FILE;SELECTED;V:\Abteilungen\SaoPaulo\PQK-M\Extern\Config_BA\PET DMG\PT\C3 - Estrutura e Funcionamento\P3 - Postos e dispositivos\S001 - Padrão\PTC3P3S001.docx
FILE;SELECTED;V:\Abteilungen\SaoPaulo\PQK-M\Extern\Config_BA\PET DMG\PT\C3 - Estrutura e Funcionamento\P6 - Tecnologia de regulagem\S001 - Padrão\PTC3P4S001.docx
FILE;SELECTED;V:\Abteilungen\SaoPaulo\PQK-M\Extern\Config_BA\PET DMG\PT\C4 - Montagem\P1 - Montagem padrão\S001 - Padrão\PTC4P1S001.docx
FILE;SELECTED;V:\Abteilungen\SaoPaulo\PQK-M\Extern\Config_BA\PET DMG\PT\C5 - Operação\P1 - Dispositivos de proteção\S001 - Parada de emergência\PTC5P1S001.docx
FILE;SELECTED;V:\Abteilungen\SaoPaulo\PQK-M\Extern\Config_BA\PET DMG\PT\C5 - Operação\P1 - Dispositivos de proteção\S005 - Válvulas de bloqueio manual\PTC5P1S005.docx
FILE;SELECTED;V:\Abteilungen\SaoPaulo\PQK-M\Extern\Config_BA\PET DMG\PT\C5 - Operação\P3 - Dispositivos de comando (IHM)\S001 - CLEARLINE 21,5\PTC5P3S001.docx
FILE;SELECTED;V:\Abteilungen\SaoPaulo\PQK-M\Extern\Config_BA\PET DMG\PT\C5 - Operação\P4 - Dispositivos de comando (Diversos)\S001 - Visão geral dos elementos de comando\PTC5P4S001.docx
FILE;SELECTED;V:\Abteilungen\SaoPaulo\PQK-M\Extern\Config_BA\PET DMG\PT\C5 - Operação\P6 - Produção e Setup\S001 - Sem sala higiênica\PTC5P6S001.docx
FILE;SELECTED;V:\Abteilungen\SaoPaulo\PQK-M\Extern\Config_BA\PET DMG\PT\C5 - Operação\P7 - Limpeza\PTC5P8S001.docx
FILE;SELECTED;V:\Abteilungen\SaoPaulo\PQK-M\Extern\Config_BA\PET DMG\PT\C6 - Manutenção\P1 - Segurança e normas\S001 - Padrão\PTC6P1S001.docx
FILE;SELECTED;V:\Abteilungen\SaoPaulo\PQK-M\Extern\Config_BA\PET DMG\PT\C6 - Manutenção\P3 - Manutenção preventiva\S001 - Sem sala higiênica\PTC6P3S001.docx
FILE;SELECTED;V:\Abteilungen\SaoPaulo\PQK-M\Extern\Config_BA\PET DMG\PT\C6 - Manutenção\P4 - Lubrificação\S001 - Padrão\PTC6P4S001.docx
FILE;SELECTED;V:\Abteilungen\SaoPaulo\PQK-M\Extern\Config_BA\PET DMG\PT\C6 - Manutenção\P5 - Reparo\S001 - Padrão\PTC6P5S001.docx
FILE;SELECTED;V:\Abteilungen\SaoPaulo\PQK-M\Extern\Config_BA\PET DMG\PT\C7 - Falhas\P1 - Com lista de falhas\S001 - CLEARLINE 21,5\PTC7P1S001.docx
FILE;SELECTED;V:\Abteilungen\SaoPaulo\PQK-M\Extern\Config_BA\PET DMG\PT\C8 - Dados Técnicos\P1 - Requisitos para fluidos\S001 - Tabelas gerais\PTC8P1S001.docx
FILE;SELECTED;V:\Abteilungen\SaoPaulo\PQK-M\Extern\Config_BA\PET DMG\PT\C8 - Dados Técnicos\P2 - Operação\S001 - Padrão\PTC8P2S001.docx
FILE;SELECTED;V:\Abteilungen\SaoPaulo\PQK-M\Extern\Config_BA\PET DMG\PT\C8 - Dados Técnicos\P3 - Lubrificação\S001 - Postos de lubrificação, Denominação\PTC8P3S001.docx
FILE;SELECTED;V:\Abteilungen\SaoPaulo\PQK-M\Extern\Config_BA\PET DMG\PT\C8 - Dados Técnicos\P4 - Sinalização dos dispositivos de isolamento\S001 - Identificação padrão (2019)\PTC8P4S001.docx
FILE;SELECTED;V:\Abteilungen\SaoPaulo\PQK-M\Extern\Config_BA\PET DMG\PT\C8 - Dados Técnicos\P5 - Produtos de limpeza\S001 - Valores-limite\PTC8P5S001.docx
FILE;SELECTED;V:\Abteilungen\SaoPaulo\PQK-M\Extern\Config_BA\PET DMG\PT\CONTRA CAPA\Contra Capa.docx
FILE;SELECTED;V:\Abteilungen\SaoPaulo\PQK-M\Extern\Config_BA\CIP\PT\CAPA\Capa.doc
FILE;SELECTED;V:\Abteilungen\SaoPaulo\PQK-M\Extern\Config_BA\CIP\PT\SUMÁRIO\Indice.doc
FILE;SELECTED;V:\Abteilungen\SaoPaulo\PQK-M\Extern\Config_BA\CIP\PT\C1 - Informações Gerais\P1 -Informações Gerais\S001 - Sem Componentes Integrados\PTC1P1S001.docx
FILE;SELECTED;V:\Abteilungen\SaoPaulo\PQK-M\Extern\Config_BA\CIP\PT\C2 - Segurança\P1 - Descritivo Padrão de Segurança\S001 - (BR - Manualtech)\PTC2P1S001.docx
FILE;SELECTED;V:\Abteilungen\SaoPaulo\PQK-M\Extern\Config_BA\CIP\PT\C2 - Segurança\P2 - Dispositivos de Proteção\S001 - Interruptor parada de emergência\PTC2P2S001.docx
FILE;SELECTED;V:\Abteilungen\SaoPaulo\PQK-M\Extern\Config_BA\CIP\PT\C2 - Segurança\P2 - Dispositivos de Proteção\S002 - Válvula de segurança\PTC2P2S002.docx
FILE;SELECTED;V:\Abteilungen\SaoPaulo\PQK-M\Extern\Config_BA\CIP\PT\C2 - Segurança\P2 - Dispositivos de Proteção\S007 - Válvulas de bloqueio manual\PTC2P2S007.docx
FILE;SELECTED;V:\Abteilungen\SaoPaulo\PQK-M\Extern\Config_BA\CIP\PT\C2 - Segurança\P3 - Conduta e Estados Operacionais\S001 - Padrão\PTC2P3S001.docx
FILE;SELECTED;V:\Abteilungen\SaoPaulo\PQK-M\Extern\Config_BA\CIP\PT\C3 - Estrutura e funcionamento\P1 - Tanques\Template.docx
FILE;SELECTED;V:\Abteilungen\SaoPaulo\PQK-M\Extern\Config_BA\CIP\PT\C3 - Estrutura e funcionamento\P2 - Circuito de Produto\S001 - Circuito de Produto Individual\PTC3P2S001.docx
FILE;SELECTED;V:\Abteilungen\SaoPaulo\PQK-M\Extern\Config_BA\CIP\PT\C3 - Estrutura e funcionamento\P3 - Circuito de Aquecimento\S001 - Vapor - Circuito Individual\PTC3P3S001.docx
FILE;SELECTED;V:\Abteilungen\SaoPaulo\PQK-M\Extern\Config_BA\CIP\PT\C3 - Estrutura e funcionamento\P3 - Circuito de Aquecimento\S002 - Água Quente\PTC3P3S001.docx
FILE;SELECTED;V:\Abteilungen\SaoPaulo\PQK-M\Extern\Config_BA\CIP\PT\C3 - Estrutura e funcionamento\P4 - Insumos\S001 - Ar piloto\PTC3P4S001.docx
FILE;SELECTED;V:\Abteilungen\SaoPaulo\PQK-M\Extern\Config_BA\CIP\PT\C3 - Estrutura e funcionamento\P4 - Insumos\S002 - Manifold de válvulas\PTC3P4S002.docx
FILE;SELECTED;V:\Abteilungen\SaoPaulo\PQK-M\Extern\Config_BA\CIP\PT\C3 - Estrutura e funcionamento\P4 - Insumos\S002 - Placa de distribuição\PTC3P4S001.docx
FILE;SELECTED;V:\Abteilungen\SaoPaulo\PQK-M\Extern\Config_BA\CIP\PT\C3 - Estrutura e funcionamento\P5 - Dispositivos e postos de trabalho\S001 - Avisos e comandos\PTC3P6S001.docx
FILE;SELECTED;V:\Abteilungen\SaoPaulo\PQK-M\Extern\Config_BA\CIP\PT\C3 - Estrutura e funcionamento\P6 - Armário de distribuição\S001 - (IHM, PE, ATS, ARC)\PTC3P7S001.docx
FILE;SELECTED;V:\Abteilungen\SaoPaulo\PQK-M\Extern\Config_BA\CIP\PT\C3 - Estrutura e funcionamento\P7 - Sistema pneumático\S001 - Conjunto de manutenção\PTC3P8S001.docx
FILE;SELECTED;V:\Abteilungen\SaoPaulo\PQK-M\Extern\Config_BA\CIP\PT\C3 - Estrutura e funcionamento\P7 - Sistema pneumático\S002 - Ilha de Válvula\PTC3P8S001.docx
FILE;SELECTED;V:\Abteilungen\SaoPaulo\PQK-M\Extern\Config_BA\CIP\PT\C3 - Estrutura e funcionamento\P7 - Sistema pneumático\S002 - Válvulas Pneumáticas\PTC3P8S001.docx
FILE;SELECTED;V:\Abteilungen\SaoPaulo\PQK-M\Extern\Config_BA\CIP\PT\C3 - Estrutura e funcionamento\P8 - Equipamentos de medição\S001 - Sensor de pressão\PTC3P9S001.docx
FILE;SELECTED;V:\Abteilungen\SaoPaulo\PQK-M\Extern\Config_BA\CIP\PT\C3 - Estrutura e funcionamento\P8 - Equipamentos de medição\S002 - Manômetro\PTC3P9S002.docx
FILE;SELECTED;V:\Abteilungen\SaoPaulo\PQK-M\Extern\Config_BA\CIP\PT\C3 - Estrutura e funcionamento\P8 - Equipamentos de medição\S003 - Medidor de vazão\PTC3P9S003.docx
FILE;SELECTED;V:\Abteilungen\SaoPaulo\PQK-M\Extern\Config_BA\CIP\PT\C3 - Estrutura e funcionamento\P8 - Equipamentos de medição\S006 - Medidor de condutividade\PTC3P9S005.docx
FILE;SELECTED;V:\Abteilungen\SaoPaulo\PQK-M\Extern\Config_BA\CIP\PT\C3 - Estrutura e funcionamento\P8 - Equipamentos de medição\S007 - Válvula de coleta de amostra\PTC3P9S006.docx
FILE;SELECTED;V:\Abteilungen\SaoPaulo\PQK-M\Extern\Config_BA\CIP\PT\C3 - Estrutura e funcionamento\P8 - Equipamentos de medição\S008 - Visor de inspeção\PTC3P9S007.docx
FILE;SELECTED;V:\Abteilungen\SaoPaulo\PQK-M\Extern\Config_BA\CIP\PT\C3 - Estrutura e funcionamento\P8 - Equipamentos de medição\S009 - Sensor de temperatura\PTC3P9S008.docx
FILE;SELECTED;V:\Abteilungen\SaoPaulo\PQK-M\Extern\Config_BA\CIP\PT\C3 - Estrutura e funcionamento\P8 - Equipamentos de medição\S012 - Sensor de nível\PTC3P9S010.docx
FILE;SELECTED;V:\Abteilungen\SaoPaulo\PQK-M\Extern\Config_BA\CIP\PT\C3 - Estrutura e funcionamento\P8 - Equipamentos de medição\S015 - Alimentação elétrica\PTC3P9S011.docx
FILE;SELECTED;V:\Abteilungen\SaoPaulo\PQK-M\Extern\Config_BA\CIP\PT\C4 - Montagem\P1 - Montagem padrão\S001 - Padrão\PTC4P1S001.docx
FILE;SELECTED;V:\Abteilungen\SaoPaulo\PQK-M\Extern\Config_BA\CIP\PT\C5 - Operação\P1 - Descritivo padrão\S001 - Botão parada de emergência\PTC5P1S001.docx
FILE;SELECTED;V:\Abteilungen\SaoPaulo\PQK-M\Extern\Config_BA\CIP\PT\C5 - Operação\P2 - Dispositivo de comando (IHM)\S001 - CLEARLINE 21,5\PTC5P3S001 PDF.docx
FILE;SELECTED;V:\Abteilungen\SaoPaulo\PQK-M\Extern\Config_BA\CIP\PT\C5 - Operação\P3 - Dispositivo de comando (Diversos)\S003 - Válvulas de bloqueio manual\PTC5P4S002.docx
FILE;SELECTED;V:\Abteilungen\SaoPaulo\PQK-M\Extern\Config_BA\CIP\PT\C5 - Operação\P3 - Dispositivo de comando (Diversos)\S004 - Placa de distribuição\PTC5P3S004 - Traduzido.docx
FILE;SELECTED;V:\Abteilungen\SaoPaulo\PQK-M\Extern\Config_BA\CIP\PT\C5 - Operação\P4 - Dispositivos de aviso\S001 - Sinalizador tipo coluna + Buzina\PTC5P5S001.docx
FILE;SELECTED;V:\Abteilungen\SaoPaulo\PQK-M\Extern\Config_BA\CIP\PT\C5 - Operação\P6 - Limpeza\S001 - Limpeza dos sistemas externos\PTC5P7S001.docx
FILE;SELECTED;V:\Abteilungen\SaoPaulo\PQK-M\Extern\Config_BA\CIP\PT\C5 - Operação\P6 - Limpeza\S002 - Enxágue com água quente\PTC5P7S002.docx
FILE;SELECTED;V:\Abteilungen\SaoPaulo\PQK-M\Extern\Config_BA\CIP\PT\C5 - Operação\P6 - Limpeza\S003 - Limpeza do sistema de limpeza\PTC5P7S003.docx
FILE;SELECTED;V:\Abteilungen\SaoPaulo\PQK-M\Extern\Config_BA\CIP\PT\C6 - Manutenção\P1 - Normas\S001 - Padrão\PTC6P1S001.docx
FILE;SELECTED;V:\Abteilungen\SaoPaulo\PQK-M\Extern\Config_BA\CIP\PT\C6 - Manutenção\P3 - Manutenção preventiva e reparo\S001 - Padrão\PTC6P3S001.docx
FILE;SELECTED;V:\Abteilungen\SaoPaulo\PQK-M\Extern\Config_BA\CIP\PT\C7 - Falhas\P1 - Sem lista\S001 - Padrão\PTC7P1S001.docx
FILE;SELECTED;V:\Abteilungen\SaoPaulo\PQK-M\Extern\Config_BA\CIP\PT\C8 - Dados técnicos\P1 - Exigências Relativas ao meio\S001 - Padrão\PTC8P1S001.docx
FILE;SELECTED;V:\Abteilungen\SaoPaulo\PQK-M\Extern\Config_BA\CIP\PT\C8 - Dados técnicos\P2 - Requisitos para fluidos\S001 - Requisitos gerais\PTC8P2S001.docx
FILE;SELECTED;V:\Abteilungen\SaoPaulo\PQK-M\Extern\Config_BA\CIP\PT\C8 - Dados técnicos\P3 - Operação\S001 - Padrão\PTC8P3S001.docx
FILE;SELECTED;V:\Abteilungen\SaoPaulo\PQK-M\Extern\Config_BA\CIP\PT\C8 - Dados técnicos\P4 - Sinalização dos dispositivos de isolamento\S001 - Identificação padrão (2019)\PTC8P4S001.docx
FILE;SELECTED;V:\Abteilungen\SaoPaulo\PQK-M\Extern\Config_BA\CIP\PT\C8 - Dados técnicos\P5 - Limpeza\S001 - Produtos de Limpeza\PTC8P5S002.docx
FILE;SELECTED;V:\Abteilungen\SaoPaulo\PQK-M\Extern\Config_BA\CIP\PT\CONTRA CAPA\Contra Capa.docx
FILE;SELECTED;V:\Abteilungen\SaoPaulo\PQK-M\Extern\Config_BA\CMX\PT\CAPA\Capa - innopro.docx
FILE;SELECTED;V:\Abteilungen\SaoPaulo\PQK-M\Extern\Config_BA\CMX\PT\C1 - Informações Gerais\P1 -Informações Gerais\S001 - Sem Componentes Integrados\PTC1P1S001.docx
FILE;SELECTED;V:\Abteilungen\SaoPaulo\PQK-M\Extern\Config_BA\CMX\PT\C2 - Segurança\P1 - Descritivo Padrão\S001 - (BR - Manualtech)\PTC2P1S001.docx
FILE;SELECTED;V:\Abteilungen\SaoPaulo\PQK-M\Extern\Config_BA\CMX\PT\C2 - Segurança\P2 - Dispositivos de Proteção\S001 - Interruptor parada de emergência\PTC2P2S001.docx
FILE;SELECTED;V:\Abteilungen\SaoPaulo\PQK-M\Extern\Config_BA\CMX\PT\C2 - Segurança\P2 - Dispositivos de Proteção\S007 - Válvulas de bloqueio manual\PTC2P2S007.docx
FILE;SELECTED;V:\Abteilungen\SaoPaulo\PQK-M\Extern\Config_BA\CMX\PT\C2 - Segurança\P3 - Conduta e Estados Operacionais\S001 - Padrão\PTC2P3S001.docx
FILE;SELECTED;V:\Abteilungen\SaoPaulo\PQK-M\Extern\Config_BA\CMX\PT\C3 - Estrutura e Funcionamento\P1 - Descritivo padrão\S001 - Descritivo padrão\PTC3P1S001.docx
FILE;SELECTED;V:\Abteilungen\SaoPaulo\PQK-M\Extern\Config_BA\CMX\PT\C3 - Estrutura e Funcionamento\P2 - Postos e dispositivos\S001 - Controle e avisos\PTC3P2S001.docx
FILE;SELECTED;V:\Abteilungen\SaoPaulo\PQK-M\Extern\Config_BA\CMX\PT\C3 - Estrutura e Funcionamento\P3 - Armário de distribuição\S001 - (IHM, PE, ATS, ARC)\PTC3P7S001.docx
FILE;SELECTED;V:\Abteilungen\SaoPaulo\PQK-M\Extern\Config_BA\CMX\PT\C3 - Estrutura e Funcionamento\P5 - Sistema pneumático\S001 - Unidade de Manutenção\PTC3P8S001.docx
FILE;SELECTED;V:\Abteilungen\SaoPaulo\PQK-M\Extern\Config_BA\CMX\PT\C3 - Estrutura e Funcionamento\P6 - Equipamentos de medição\S015 - Alimentação elétrica\PTC3P9S011.docx
FILE;SELECTED;V:\Abteilungen\SaoPaulo\PQK-M\Extern\Config_BA\CMX\PT\C4 - Montagem\P1 - Montagem padrão\S001 - Padrão\PTC4P1S001.docx
FILE;SELECTED;V:\Abteilungen\SaoPaulo\PQK-M\Extern\Config_BA\CMX\PT\C5 - Operação\P1 - Descritivo padrão\S001 - Botão parada de emergência\PTC5P1S001.docx
FILE;SELECTED;V:\Abteilungen\SaoPaulo\PQK-M\Extern\Config_BA\CMX\PT\C5 - Operação\P2 - Dispositivo de comando (IHM)\S001 - CLEARLINE 21,5\PTC5P3S001 PDF.docx
FILE;SELECTED;V:\Abteilungen\SaoPaulo\PQK-M\Extern\Config_BA\CMX\PT\C5 - Operação\P3 - Dispositivo de comando (Diversos)\S002 - Válvulas de bloqueio manual\PTC5P4S002.docx
FILE;SELECTED;V:\Abteilungen\SaoPaulo\PQK-M\Extern\Config_BA\CMX\PT\C5 - Operação\P4 - Dispositivos de aviso\S001 - Sinalizador tipo coluna + Buzina\PTC5P5S001.docx
FILE;SELECTED;V:\Abteilungen\SaoPaulo\PQK-M\Extern\Config_BA\CMX\PT\C5 - Operação\P6 - Produção\S001 - Clearline 21,5\PTC5P7S003.docx
FILE;SELECTED;V:\Abteilungen\SaoPaulo\PQK-M\Extern\Config_BA\CMX\PT\C5 - Operação\P7 - Limpeza\S001 - Clearline 21,5\PTC5P7S001.docx
FILE;SELECTED;V:\Abteilungen\SaoPaulo\PQK-M\Extern\Config_BA\CMX\PT\C6 - Manutenção\P1 - Normas e segurança\S001 - Padrão\PTC6P1S001.docx
FILE;SELECTED;V:\Abteilungen\SaoPaulo\PQK-M\Extern\Config_BA\CMX\PT\C6 - Manutenção\P3 - Manutenção preventiva\S001 - Padrão\PTC6P3S001.docx
FILE;SELECTED;V:\Abteilungen\SaoPaulo\PQK-M\Extern\Config_BA\CMX\PT\C7 - Falhas\P1 - Sem lista\S001 - Padrão\PTC7P1S001.docx
FILE;SELECTED;V:\Abteilungen\SaoPaulo\PQK-M\Extern\Config_BA\CMX\PT\C8 - Dados técnicos\P1 - Exigências Relativas ao meio\S001 - Padrão\PTC8P1S001.docx
FILE;SELECTED;V:\Abteilungen\SaoPaulo\PQK-M\Extern\Config_BA\CMX\PT\C8 - Dados técnicos\P2 - Requisitos para fluidos\S001 - Requisitos gerais\PTC8P2S001.docx
FILE;SELECTED;V:\Abteilungen\SaoPaulo\PQK-M\Extern\Config_BA\CMX\PT\C8 - Dados técnicos\P3 - Operação\S001 - Padrão\PTC8P3S001.docx
FILE;SELECTED;V:\Abteilungen\SaoPaulo\PQK-M\Extern\Config_BA\CMX\PT\C8 - Dados técnicos\P4 - Sinalização dos dispositivos de isolamento\S001 - Direciona a leitura para a norma  adicional KHS K0357\PTC8P4S002.docx
FILE;SELECTED;V:\Abteilungen\SaoPaulo\PQK-M\Extern\Config_BA\CMX\PT\C8 - Dados técnicos\P5 - Limpeza\S001 - Produtos de Limpeza\PTC8P5S002.docx
FILE;SELECTED;V:\Abteilungen\SaoPaulo\PQK-M\Extern\Config_BA\CMX\PT\CONTRA CAPA\Contra Capa.docx
FILE;SELECTED;V:\Abteilungen\SaoPaulo\PQK-M\Extern\Config_BA\CCMX\PT\CAPA\Capa - innopro.docx
FILE;SELECTED;V:\Abteilungen\SaoPaulo\PQK-M\Extern\Config_BA\CCMX\PT\C1 - Informações Gerais\P1 -Informações Gerais\S001 - Sem Componentes Integrados\PTC1P1S001.docx
FILE;SELECTED;V:\Abteilungen\SaoPaulo\PQK-M\Extern\Config_BA\CCMX\PT\C2 - Segurança\P1 - Descritivo Padrão\S001 - (BR - Manualtech)\PTC2P1S001.docx
FILE;SELECTED;V:\Abteilungen\SaoPaulo\PQK-M\Extern\Config_BA\CCMX\PT\C2 - Segurança\P2 - Dispositivos de Proteção\S001 - Interruptor parada de emergência\PTC2P2S001.docx
FILE;SELECTED;V:\Abteilungen\SaoPaulo\PQK-M\Extern\Config_BA\CCMX\PT\C2 - Segurança\P2 - Dispositivos de Proteção\S007 - Válvulas de bloqueio manual\PTC2P2S007.docx
FILE;SELECTED;V:\Abteilungen\SaoPaulo\PQK-M\Extern\Config_BA\CCMX\PT\C2 - Segurança\P3 - Conduta e Estados Operacionais\S001 - Padrão\PTC2P3S001.docx
FILE;SELECTED;V:\Abteilungen\SaoPaulo\PQK-M\Extern\Config_BA\CCMX\PT\C3 - Estrutura e Funcionamento\P1 - Componentes estruturais\S000 - Título\Título.docx
FILE;SELECTED;V:\Abteilungen\SaoPaulo\PQK-M\Extern\Config_BA\CCMX\PT\C3 - Estrutura e Funcionamento\P1 - Componentes estruturais\S008 - Pipe Rack\PTC3P1S006.docx
FILE;SELECTED;V:\Abteilungen\SaoPaulo\PQK-M\Extern\Config_BA\CCMX\PT\C3 - Estrutura e Funcionamento\P2 - Dispositivos e postos de trabalho\S001 - Subtítulo Avisos\PTC3P2S001.docx
FILE;SELECTED;V:\Abteilungen\SaoPaulo\PQK-M\Extern\Config_BA\CCMX\PT\C3 - Estrutura e Funcionamento\P2 - Dispositivos e postos de trabalho\S004 - Subtítulo Comandos\PTC3P2S001.docx
FILE;SELECTED;V:\Abteilungen\SaoPaulo\PQK-M\Extern\Config_BA\CCMX\PT\C3 - Estrutura e Funcionamento\P2 - Dispositivos e postos de trabalho\S007 - Postos de trabalho\PTC3P2S001.docx
FILE;SELECTED;V:\Abteilungen\SaoPaulo\PQK-M\Extern\Config_BA\CCMX\PT\C3 - Estrutura e Funcionamento\P4 - Sistema pneumático\S001 - Sistema pneumático\PTC3P3S002.docx
FILE;SELECTED;V:\Abteilungen\SaoPaulo\PQK-M\Extern\Config_BA\CCMX\PT\C3 - Estrutura e Funcionamento\P5 - Equipamentos de medição\S015 - Alimentação elétrica\PTC3P9S011.docx
FILE;SELECTED;V:\Abteilungen\SaoPaulo\PQK-M\Extern\Config_BA\CCMX\PT\C4 - Montagem\P1 - Montagem padrão\S001 - Padrão\PTC4P1S001.docx
FILE;SELECTED;V:\Abteilungen\SaoPaulo\PQK-M\Extern\Config_BA\CCMX\PT\C5 - Operação\P1 - Descritivo padrão\S001 - Botão parada de emergência\PTC5P1S001.docx
FILE;SELECTED;V:\Abteilungen\SaoPaulo\PQK-M\Extern\Config_BA\CCMX\PT\C5 - Operação\P4 - Dispositivo de comando (Diversos)\S002 - Válvulas de bloqueio manual\PTC5P4S002.docx
FILE;SELECTED;V:\Abteilungen\SaoPaulo\PQK-M\Extern\Config_BA\CCMX\PT\C6 - Manutenção\P1 - Normas e segurança\S001 - Padrão\PTC6P1S001.docx
FILE;SELECTED;V:\Abteilungen\SaoPaulo\PQK-M\Extern\Config_BA\CCMX\PT\C6 - Manutenção\P3 - Manutenção preventiva\S001 - Padrão\PTC6P3S001.docx
FILE;SELECTED;V:\Abteilungen\SaoPaulo\PQK-M\Extern\Config_BA\CCMX\PT\C7 - Falhas\P1 - Sem lista\S001 - Genérico\PTC7P1S001.docx
FILE;SELECTED;V:\Abteilungen\SaoPaulo\PQK-M\Extern\Config_BA\CCMX\PT\C8 - Dados técnicos\P1 - Exigências Relativas ao meio\S001 - Padrão\PTC8P1S001.docx
FILE;SELECTED;V:\Abteilungen\SaoPaulo\PQK-M\Extern\Config_BA\CCMX\PT\C8 - Dados técnicos\P2 - Requisitos para fluidos\S001 - Requisitos gerais\PTC8P2S001.docx
FILE;SELECTED;V:\Abteilungen\SaoPaulo\PQK-M\Extern\Config_BA\CCMX\PT\C8 - Dados técnicos\P3 - Operação\S001 - Padrão\PTC8P3S001.docx
FILE;SELECTED;V:\Abteilungen\SaoPaulo\PQK-M\Extern\Config_BA\CCMX\PT\C8 - Dados técnicos\P4 - Sinalização dos dispositivos de isolamento\S001 - Identificação padrão (2019)\PTC8P4S001.docx
FILE;SELECTED;V:\Abteilungen\SaoPaulo\PQK-M\Extern\Config_BA\CCMX\PT\C8 - Dados técnicos\P5 - Limpeza\S001 - Produtos de Limpeza\PTC8P5S002.docx
FILE;SELECTED;V:\Abteilungen\SaoPaulo\PQK-M\Extern\Config_BA\CCMX\PT\CONTRA CAPA\Contra Capa.docx
